country1,country2,sourceCountry,year,month,day,domain,title,url,social_image,language
CI,RS,RS,2017,10,5,news.china.com, 【 治国理政新实践 · 重庆篇 】 贸易便利化 让重庆与世界做生意越来越容易 _ 新闻频道 _ 中华网,http://news.china.com/domesticgd/10000159/20171005/31542763.html,,Chinese
CI,RS,RS,2017,10,5,news.sdnews.com.cn, [ 治国理政新实践 · 重庆篇 ] 贸易便利化 让重庆与世界做生意越来越容易,http://news.sdnews.com.cn/./gn/201710/t20171005_2300306.html,,Chinese
CI,RS,RS,2017,10,5,cq.ifeng.com,贸易便利化 重庆与世界做生意更容易 _ 重庆频道 _ 凤凰网,http://cq.ifeng.com/a/20171005/6047439_0.shtml,,Chinese
CI,RS,RS,2017,10,5,tynews.com.cn, [ 治国理政新实践 · 重庆篇 ] 贸易便利化 让重庆与世界做生意越来越容易,http://www.tynews.com.cn/system/2017/10/05/030024338.shtml,,Chinese
CI,RS,RS,2017,10,5,news.shm.com.cn, 【 治国理政新实践 · 重庆篇 】 贸易便利化 让重庆与世界做生意越来越容易,http://news.shm.com.cn/2017-10/05/content_4658506.htm,,Chinese
CI,RS,RS,2017,11,26,blog.udn.com,辦公室零嘴 【 賣魚的家 】 智利鮭魚碎肉 ( 200G,http://blog.udn.com/cld481p6k3/109197471,,Chinese
CI,RS,RS,2017,11,17,news.xinhuanet.com,坚持对外开放 共创亚太繁荣,http://news.xinhuanet.com/world/2017-11/18/c_129744040.htm,,Chinese
CI,RS,RS,2017,11,18,news.china.com.cn,坚持对外开放 共创亚太繁荣 _ 新闻中心 _ 中国网,http://news.china.com.cn/world/2017-11/18/content_41908442.htm,,Chinese
CI,RS,RS,2017,11,17,news.sina.com.cn,人民日报 ： 坚持对外开放 共创亚太繁荣,http://news.sina.com.cn/c/nd/2017-11-18/doc-ifynwxum3783719.shtml,,Chinese
CI,RS,RS,2017,11,18,qstheory.cn,坚持对外开放 共创亚太繁荣,http://www.qstheory.cn/zdwz/2017-11/18/c_1121975113.htm,,Chinese
CI,RS,RS,2017,11,18,news.syd.com.cn,人民日报 ： 坚持对外开放 共创亚太繁荣 _ 国内新闻 _ 新闻中心 _ 沈阳网,http://news.syd.com.cn/system/2017/11/18/011525926.shtml,,Chinese
CI,RS,RS,2017,11,18,politics.gmw.cn,人民日报 ： 坚持对外开放 共创亚太繁荣 _ 要闻 _ 光明网,http://politics.gmw.cn/2017-11/18/content_26824822.htm,,Chinese
CI,RS,RS,2017,12,5,sohu.com,挑战美国死亡公路 -- 逃离北上广铁板烧盛夏之阿拉斯 避暑自驾游记 _ 搜狐文化 _ 搜狐网,http://www.sohu.com/a/208571228_323552,,Chinese
